aa	fraction
M	3.8149350649350646
K	9.063852813852815
F	4.545454545454546
Y	2.840909090909091
N	4.220779220779221
V	6.25
G	7.521645021645022
I	5.032467532467533
L	7.305194805194805
R	5.438311688311688
T	5.654761904761905
E	5.411255411255411
C	1.7586580086580088
A	8.522727272727272
H	1.6233766233766231
P	3.7337662337662336
*	2.867965367965368
D	4.112554112554113
W	0.946969696969697
Q	4.004329004329004
S	5.33008658008658
