aa	fraction
C	5.641644242368006
L	6.012805047786954
G	13.259719773591907
I	6.17982741022548
S	7.71086573257864
N	5.585970121555164
D	2.1434536512944233
F	3.0527976245708452
A	10.336828430917695
Y	3.2847731279576875
V	6.7365686183539015
W	3.3033311682286346
K	6.532430175373481
Q	2.4311032754941078
M	1.484643221675791
T	6.922149021063376
E	2.004268349262318
R	2.421824255358634
P	3.154866846061056
H	1.8001299062818967
